Domain,Question,,,,,,,,,,,,,,,Answer
Chartered Accountant,What is the role of a Chartered Accountant?,A Chartered Accountant is a professional who provides financial expertise, including auditing, accounting, tax planning, and financial advice to businesses and individuals.,,,,,,,,,,A Chartered Accountant is a professional who provides financial expertise  including auditing  accounting  tax planning  and financial advice to businesses and individuals.   
Chartered Accountant,What are the different types of audits?,The different types of audits include financial audits, internal audits, compliance audits, operational audits, and forensic audits.,,,,,,,,,,The different types of audits include financial audits  internal audits  compliance audits  operational audits  and forensic audits.   
Chartered Accountant,Explain the concept of double-entry bookkeeping.,Double-entry bookkeeping is a system where every financial transaction affects at least two accounts, ensuring that the accounting equation (Assets = Liabilities + Equity) remains balanced.,,,,,,,,,,,,,Double-entry bookkeeping is a system where every financial transaction affects at least two accounts  ensuring that the accounting equation (Assets = Liabilities + Equity) remains balanced.      
Chartered Accountant,What is the difference between financial accounting and management accounting?,Financial accounting focuses on preparing financial statements for external stakeholders, while management accounting provides financial information for internal decision-making.,,,,,,,,,,,,,Financial accounting focuses on preparing financial statements for external stakeholders  while management accounting provides financial information for internal decision-making.      
Chartered Accountant,What is the importance of reconciliation in accounting?,Reconciliation ensures that the balances in accounting records match the corresponding entries in other financial systems (like bank statements), helping to identify errors and discrepancies.,,,,,,,,,,,,,Reconciliation ensures that the balances in accounting records match the corresponding entries in other financial systems (like bank statements)  helping to identify errors and discrepancies.      
Chartered Accountant,What is GST and how is it calculated?,GST (Goods and Services Tax) is a value-added tax on goods and services. It is calculated as a percentage of the sale price, and businesses collect GST from customers on behalf of the government.,,,,,,,,,,,,,GST (Goods and Services Tax) is a value-added tax on goods and services. It is calculated as a percentage of the sale price  and businesses collect GST from customers on behalf of the government.      
Chartered Accountant,What is deferred tax liability?,Deferred tax liability arises when a company’s tax expenses are less than the tax payable due to temporary differences in accounting and tax treatment, which will reverse in the future.,,,,,,,,,,,,,Deferred tax liability arises when a company’s tax expenses are less than the tax payable due to temporary differences in accounting and tax treatment  which will reverse in the future.      
Chartered Accountant,What is the difference between a trial balance and a balance sheet?,A trial balance is a list of all general ledger accounts with their respective balances to ensure the books are balanced, while a balance sheet reports a company’s financial position at a specific point in time.,,,,,,,,,,,,,A trial balance is a list of all general ledger accounts with their respective balances to ensure the books are balanced  while a balance sheet reports a company’s financial position at a specific point in time.      
Chartered Accountant,Explain the concept of amortization.,Amortization refers to the process of spreading the cost of an intangible asset over its useful life, similar to depreciation for tangible assets.,,,,,,,,,,,,,Amortization refers to the process of spreading the cost of an intangible asset over its useful life  similar to depreciation for tangible assets.      
Chartered Accountant,What is a ledger?,A ledger is a book or digital record that contains the details of all financial transactions for a specific account, such as assets, liabilities, or revenue accounts.,,,,,,,,,,,A ledger is a book or digital record that contains the details of all financial transactions for a specific account  such as assets  liabilities  or revenue accounts.    
Chartered Accountant,What is the difference between accounts payable and accounts receivable?,Accounts payable refers to amounts a company owes to suppliers, while accounts receivable represents the amounts customers owe to the company for goods or services provided.,,,,,,,,,,,,,Accounts payable refers to amounts a company owes to suppliers  while accounts receivable represents the amounts customers owe to the company for goods or services provided.      
Chartered Accountant,What is the purpose of a cash flow statement?,A cash flow statement tracks the flow of cash into and out of a business, helping to assess its liquidity and cash management.,,,,,,,,,,,,,A cash flow statement tracks the flow of cash into and out of a business  helping to assess its liquidity and cash management.      
Chartered Accountant,What is the purpose of depreciation in accounting?,Depreciation allocates the cost of a fixed asset over its useful life, reflecting its decline in value over time for tax and accounting purposes.,,,,,,,,,,,,,Depreciation allocates the cost of a fixed asset over its useful life  reflecting its decline in value over time for tax and accounting purposes.      
Chartered Accountant,What is accrual accounting?,Accrual accounting recognizes revenue and expenses when they are incurred, regardless of when cash is received or paid.,,,,,,,,,,,,,Accrual accounting recognizes revenue and expenses when they are incurred  regardless of when cash is received or paid.      
Chartered Accountant,What are current liabilities?,Current liabilities are short-term financial obligations that a company must pay within one year, such as accounts payable, short-term loans, or accrued expenses.,,,,,,,,,,,Current liabilities are short-term financial obligations that a company must pay within one year  such as accounts payable  short-term loans  or accrued expenses.    
Chartered Accountant,What is the difference between a profit and loss statement and a balance sheet?,A profit and loss statement shows a company’s revenues, expenses, and profits over a period, while a balance sheet provides a snapshot of the company’s assets, liabilities, and equity at a specific point in time.,,,,,,,,,A profit and loss statement shows a company’s revenues  expenses  and profits over a period  while a balance sheet provides a snapshot of the company’s assets  liabilities  and equity at a specific point in time.  
Chartered Accountant,What is IFRS?,International Financial Reporting Standards (IFRS) are global accounting standards that provide guidelines on how financial transactions should be reported in financial statements.,,,,,,,,,,,,,,International Financial Reporting Standards (IFRS) are global accounting standards that provide guidelines on how financial transactions should be reported in financial statements.       
Chartered Accountant,What is the purpose of internal controls in accounting?,Internal controls are processes designed to ensure the accuracy and reliability of financial reporting, compliance with laws, and effective operations.,,,,,,,,,,,,Internal controls are processes designed to ensure the accuracy and reliability of financial reporting  compliance with laws  and effective operations.     
Chartered Accountant,What is a cost sheet?,A cost sheet is a detailed statement of the cost of production of goods or services, including direct costs, indirect costs, fixed costs, and variable costs.,,,,,,,,,,A cost sheet is a detailed statement of the cost of production of goods or services  including direct costs  indirect costs  fixed costs  and variable costs.   
Chartered Accountant,What is the difference between cash accounting and accrual accounting?,Cash accounting recognizes transactions when cash changes hands, while accrual accounting recognizes transactions when they are incurred, regardless of cash flow.,,,,,,,,,,,,Cash accounting recognizes transactions when cash changes hands  while accrual accounting recognizes transactions when they are incurred  regardless of cash flow.     
Chartered Accountant,"What is the meaning of the term ""liquidity"" in accounting?",Liquidity refers to the ability of a company to meet its short-term obligations using its most liquid assets, such as cash or assets that can be quickly converted to cash.,,,,,,,,,,,,,Liquidity refers to the ability of a company to meet its short-term obligations using its most liquid assets  such as cash or assets that can be quickly converted to cash.      
Chartered Accountant,What is a bank reconciliation statement?,A bank reconciliation statement is a process that ensures that the bank balance matches the balance in the company's cash book, reconciling any differences between the two.,,,,,,,,,,,,,A bank reconciliation statement is a process that ensures that the bank balance matches the balance in the company's cash book  reconciling any differences between the two.      
Chartered Accountant,What are provisions in accounting?,Provisions are amounts set aside for expected liabilities or expenses that are uncertain in timing or amount, like a provision for bad debts.,,,,,,,,,,,,,Provisions are amounts set aside for expected liabilities or expenses that are uncertain in timing or amount  like a provision for bad debts.      
Chartered Accountant,What is a memorandum ledger?,A memorandum ledger is a supplementary ledger used to record information that is not recorded in the general ledger but is useful for analysis, such as a record of transactions with customers.,,,,,,,,,,,,,A memorandum ledger is a supplementary ledger used to record information that is not recorded in the general ledger but is useful for analysis  such as a record of transactions with customers.      
Chartered Accountant,What is a partnership?,A partnership is a business structure where two or more individuals share ownership and the responsibilities of managing the business, including sharing profits and losses.,,,,,,,,,,,,,A partnership is a business structure where two or more individuals share ownership and the responsibilities of managing the business  including sharing profits and losses.      
Chartered Accountant,What is the difference between financial year and assessment year in taxation?,The financial year is the year in which income is earned, while the assessment year is the year in which the income earned in the financial year is assessed for tax purposes.,,,,,,,,,,,,,The financial year is the year in which income is earned  while the assessment year is the year in which the income earned in the financial year is assessed for tax purposes.      
Chartered Accountant,"What is the meaning of ""fair value"" in accounting?",Fair value is the estimated market value of an asset or liability, based on current market conditions and other relevant factors.,,,,,,,,,,,,,Fair value is the estimated market value of an asset or liability  based on current market conditions and other relevant factors.      
Chartered Accountant,What is the significance of the debt-to-equity ratio?,The debt-to-equity ratio measures the relative proportion of debt and equity used to finance a company’s assets, providing insights into the company’s financial leverage.,,,,,,,,,,,,,The debt-to-equity ratio measures the relative proportion of debt and equity used to finance a company’s assets  providing insights into the company’s financial leverage.      
Chartered Accountant,What is a general ledger?,A general ledger is the central record of all financial transactions of a company, categorized by accounts such as revenue, expenses, assets, and liabilities.,,,,,,,,,,A general ledger is the central record of all financial transactions of a company  categorized by accounts such as revenue  expenses  assets  and liabilities.   
Chartered Accountant,What is the role of a tax auditor?,A tax auditor examines financial records to ensure that a company complies with tax regulations, accurately reports income, and pays the correct amount of taxes.,,,,,,,,,,,,A tax auditor examines financial records to ensure that a company complies with tax regulations  accurately reports income  and pays the correct amount of taxes.     
Chartered Accountant,What is transfer pricing?,Transfer pricing refers to the pricing of goods, services, or intangible assets transferred within a company’s subsidiaries or related entities, ensuring the transactions comply with tax laws.,,,,,,,,,,,Transfer pricing refers to the pricing of goods  services  or intangible assets transferred within a company’s subsidiaries or related entities  ensuring the transactions comply with tax laws.    
Chartered Accountant,What is the purpose of a financial statement analysis?,Financial statement analysis helps evaluate a company’s financial performance, assess its profitability, liquidity, and solvency, and make informed business decisions.,,,,,,,,,,Financial statement analysis helps evaluate a company’s financial performance  assess its profitability  liquidity  and solvency  and make informed business decisions.   
Chartered Accountant,What is goodwill in accounting?,Goodwill represents the intangible value of a company, such as brand reputation, customer relationships, and intellectual property, often acquired in business mergers and acquisitions.,,,,,,,,,,Goodwill represents the intangible value of a company  such as brand reputation  customer relationships  and intellectual property  often acquired in business mergers and acquisitions.   
Chartered Accountant,What is an income statement?,An income statement summarizes a company’s revenues, expenses, and profits or losses over a specific period, typically monthly, quarterly, or annually.,,,,,,,,,An income statement summarizes a company’s revenues  expenses  and profits or losses over a specific period  typically monthly  quarterly  or annually.  
Chartered Accountant,What is the purpose of an audit report?,An audit report provides an independent evaluation of a company’s financial statements, ensuring accuracy and compliance with applicable accounting standards and regulations.,,,,,,,,,,,,,An audit report provides an independent evaluation of a company’s financial statements  ensuring accuracy and compliance with applicable accounting standards and regulations.      
Chartered Accountant,What is an operating cycle?,An operating cycle refers to the time it takes for a company to purchase inventory, sell products, and receive payment, measuring its operational efficiency.,,,,,,,,,,,An operating cycle refers to the time it takes for a company to purchase inventory  sell products  and receive payment  measuring its operational efficiency.    
Chartered Accountant,What is a statement of changes in equity?,A statement of changes in equity shows the movements in the company’s equity accounts, including profits, dividends, and changes in share capital, during a specific period.,,,,,,,,,,A statement of changes in equity shows the movements in the company’s equity accounts  including profits  dividends  and changes in share capital  during a specific period.   
Chartered Accountant,What is the significance of net profit margin?,Net profit margin is a profitability ratio that measures the percentage of revenue that remains as profit after all expenses, taxes, and interest are deducted.,,,,,,,,,,,,Net profit margin is a profitability ratio that measures the percentage of revenue that remains as profit after all expenses  taxes  and interest are deducted.     
Chartered Accountant,What is the difference between a company and a sole proprietorship?,A company is a separate legal entity with its own rights and responsibilities, while a sole proprietorship is an unincorporated business owned and operated by a single individual.,,,,,,,,,,,,,A company is a separate legal entity with its own rights and responsibilities  while a sole proprietorship is an unincorporated business owned and operated by a single individual.      
Chartered Accountant,What is an audit trail?,An audit trail is a chronological record of all activities, transactions, or changes in a system, providing transparency and accountability in financial operations.,,,,,,,,,,,An audit trail is a chronological record of all activities  transactions  or changes in a system  providing transparency and accountability in financial operations.    
Chartered Accountant,What is a balance sheet audit?,A balance sheet audit involves verifying the accuracy of a company’s balance sheet by assessing the company’s assets, liabilities, and equity accounts.,,,,,,,,,,,,A balance sheet audit involves verifying the accuracy of a company’s balance sheet by assessing the company’s assets  liabilities  and equity accounts.     
Chartered Accountant,What is the purpose of a trial balance?,A trial balance is used to ensure that the total of all debit balances equals the total of all credit balances in the general ledger, helping to detect errors.,,,,,,,,,,,,,A trial balance is used to ensure that the total of all debit balances equals the total of all credit balances in the general ledger  helping to detect errors.      
Chartered Accountant,What is a fixed asset register?,A fixed asset register is a record that tracks all tangible fixed assets owned by a company, including details such as purchase date, cost, depreciation, and disposal information.,,,,,,,,,,A fixed asset register is a record that tracks all tangible fixed assets owned by a company  including details such as purchase date  cost  depreciation  and disposal information.   
Chartered Accountant,What is working capital?,Working capital is the difference between a company’s current assets and current liabilities, indicating its ability to pay short-term obligations.,,,,,,,,,,,,,Working capital is the difference between a company’s current assets and current liabilities  indicating its ability to pay short-term obligations.      
Chartered Accountant,What is financial forecasting?,Financial forecasting involves estimating a company’s future financial performance based on historical data, current trends, and assumptions.,,,,,,,,,,,,Financial forecasting involves estimating a company’s future financial performance based on historical data  current trends  and assumptions.     
,,,,,,,,,,,,,,,,       
,,,,,,,,,,,,,,,,       
,,,,,,,,,,,,,,,,       
,,,,,,,,,,,,,,,,       
,,,,,,,,,,,,,,,,       
,,,,,,,,,,,,,,,,       
,,,,,,,,,,,,,,,,       
,,,,,,,,,,,,,,,,       
,,,,,,,,,,,,,,,,       
,,,,,,,,,,,,,,,,       
,,,,,,,,,,,,,,,,       
,,,,,,,,,,,,,,,,       
,,,,,,,,,,,,,,,,       
,,,,,,,,,,,,,,,,       
,,,,,,,,,,,,,,,,       
,,,,,,,,,,,,,,,,       
,,,,,,,,,,,,,,,,       
,,,,,,,,,,,,,,,,       
,,,,,,,,,,,,,,,,       
,,,,,,,,,,,,,,,,       
,,,,,,,,,,,,,,,,       
,,,,,,,,,,,,,,,,       
,,,,,,,,,,,,,,,,       
,,,,,,,,,,,,,,,,       
,,,,,,,,,,,,,,,,       
,,,,,,,,,,,,,,,,       
,,,,,,,,,,,,,,,,       
,,,,,,,,,,,,,,,,       
,,,,,,,,,,,,,,,,       
,,,,,,,,,,,,,,,,       
,,,,,,,,,,,,,,,,       
,,,,,,,,,,,,,,,,       
,,,,,,,,,,,,,,,,       
,,,,,,,,,,,,,,,,       
,,,,,,,,,,,,,,,,       
,,,,,,,,,,,,,,,,       
,,,,,,,,,,,,,,,,       
,,,,,,,,,,,,,,,,       
,,,,,,,,,,,,,,,,       
,,,,,,,,,,,,,,,,       
,,,,,,,,,,,,,,,,       
,,,,,,,,,,,,,,,,       
,,,,,,,,,,,,,,,,       
,,,,,,,,,,,,,,,,       
,,,,,,,,,,,,,,,,       
,,,,,,,,,,,,,,,,       
,,,,,,,,,,,,,,,,       
,,,,,,,,,,,,,,,,       
,,,,,,,,,,,,,,,,       
,,,,,,,,,,,,,,,,       
,,,,,,,,,,,,,,,,       
,,,,,,,,,,,,,,,,       
,,,,,,,,,,,,,,,,       
,,,,,,,,,,,,,,,,       
,,,,,,,,,,,,,,,,       
,,,,,,,,,,,,,,,,       
,,,,,,,,,,,,,,,,       
,,,,,,,,,,,,,,,,       
,,,,,,,,,,,,,,,,       
,,,,,,,,,,,,,,,,       
,,,,,,,,,,,,,,,,       
,,,,,,,,,,,,,,,,       
,,,,,,,,,,,,,,,,       
,,,,,,,,,,,,,,,,       
,,,,,,,,,,,,,,,,       
,,,,,,,,,,,,,,,,       
,,,,,,,,,,,,,,,,       
,,,,,,,,,,,,,,,,       
,,,,,,,,,,,,,,,,       
,,,,,,,,,,,,,,,,       
,,,,,,,,,,,,,,,,       
,,,,,,,,,,,,,,,,       
,,,,,,,,,,,,,,,,       
,,,,,,,,,,,,,,,,       
,,,,,,,,,,,,,,,,       
,,,,,,,,,,,,,,,,       
,,,,,,,,,,,,,,,,       
,,,,,,,,,,,,,,,,       
,,,,,,,,,,,,,,,,       
,,,,,,,,,,,,,,,,       
,,,,,,,,,,,,,,,,       
,,,,,,,,,,,,,,,,       
,,,,,,,,,,,,,,,,       
,,,,,,,,,,,,,,,,       
,,,,,,,,,,,,,,,,       
,,,,,,,,,,,,,,,,       
,,,,,,,,,,,,,,,,       
,,,,,,,,,,,,,,,,       
,,,,,,,,,,,,,,,,       
,,,,,,,,,,,,,,,,       
,,,,,,,,,,,,,,,,       
,,,,,,,,,,,,,,,,       
,,,,,,,,,,,,,,,,       
,,,,,,,,,,,,,,,,       
,,,,,,,,,,,,,,,,       
,,,,,,,,,,,,,,,,       
,,,,,,,,,,,,,,,,       
,,,,,,,,,,,,,,,,       
,,,,,,,,,,,,,,,,       
,,,,,,,,,,,,,,,,       
,,,,,,,,,,,,,,,,       
,,,,,,,,,,,,,,,,       
,,,,,,,,,,,,,,,,       
,,,,,,,,,,,,,,,,       
,,,,,,,,,,,,,,,,       
,,,,,,,,,,,,,,,,       
,,,,,,,,,,,,,,,,       
,,,,,,,,,,,,,,,,       
,,,,,,,,,,,,,,,,       
,,,,,,,,,,,,,,,,       
,,,,,,,,,,,,,,,,       
,,,,,,,,,,,,,,,,       
