Domain,Question,,,,,,,,,,,Answer
Embedded,What is an embedded system?,An embedded system is a computer designed to perform a dedicated function or set of functions within a larger system, often with real-time constraints.,,,,,,,,,An embedded system is a computer designed to perform a dedicated function or set of functions within a larger system  often with real-time constraints.
Embedded,What are the main components of an embedded system?,The main components of an embedded system include the processor (CPU), memory (RAM, ROM), input/output devices, and software.,,,,,,The main components of an embedded system include the processor (CPU)  memory (RAM  ROM)  input/output devices  and software.
Embedded,What is the difference between microcontroller and microprocessor?,A microcontroller includes a CPU, memory, and input/output peripherals on a single chip, while a microprocessor typically only has the CPU, requiring external components for memory and peripherals.,,,,,,A microcontroller includes a CPU  memory  and input/output peripherals on a single chip  while a microprocessor typically only has the CPU  requiring external components for memory and peripherals.
Embedded,What is real-time operating system (RTOS)?,A real-time operating system (RTOS) is an OS designed to manage hardware resources and execute tasks within strict timing constraints, ensuring timely and deterministic response to events.,,,,,,,,,A real-time operating system (RTOS) is an OS designed to manage hardware resources and execute tasks within strict timing constraints  ensuring timely and deterministic response to events.
Embedded,What is the role of a microcontroller in an embedded system?,"A microcontroller serves as the ""brain"" of an embedded system", controlling all functions, processing inputs, and generating outputs based on predefined instructions.,,,,,,,"A microcontroller serves as the ""brain"" of an embedded system  controlling all functions  processing inputs  and generating outputs based on predefined instructions."
Embedded,What are the types of memory used in embedded systems?,Embedded systems use various types of memory, including RAM (volatile memory), ROM (non-volatile memory), Flash memory, and EEPROM, each serving different purposes for data storage and program execution.,,,,,Embedded systems use various types of memory  including RAM (volatile memory)  ROM (non-volatile memory)  Flash memory  and EEPROM  each serving different purposes for data storage and program execution.
Embedded,What is the significance of low power consumption in embedded systems?,Low power consumption is crucial in embedded systems, especially for battery-powered devices, as it helps extend battery life and improve system efficiency.,,,,,,,,Low power consumption is crucial in embedded systems  especially for battery-powered devices  as it helps extend battery life and improve system efficiency.
Embedded,What is an interrupt in embedded systems?,An interrupt is a mechanism that allows an embedded system to respond to an event (such as a button press or sensor reading) immediately, temporarily halting normal program execution to handle the event.,,,,,,,,,An interrupt is a mechanism that allows an embedded system to respond to an event (such as a button press or sensor reading) immediately  temporarily halting normal program execution to handle the event.
Embedded,What is the difference between polling and interrupt handling?,Polling continuously checks for specific events or conditions, whereas interrupt handling allows the system to be notified of an event, pausing the current task to handle it efficiently.,,,,,,,,Polling continuously checks for specific events or conditions  whereas interrupt handling allows the system to be notified of an event  pausing the current task to handle it efficiently.
Embedded,What is embedded C programming?,Embedded C programming refers to writing software in the C language specifically for embedded systems, where efficiency and control over hardware resources are key.,,,,,,,,,Embedded C programming refers to writing software in the C language specifically for embedded systems  where efficiency and control over hardware resources are key.
Embedded,What is the purpose of GPIO pins in embedded systems?,General Purpose Input/Output (GPIO) pins are used to interface with external devices in embedded systems, allowing the system to read inputs or control outputs like LEDs, motors, and sensors.,,,,,,,General Purpose Input/Output (GPIO) pins are used to interface with external devices in embedded systems  allowing the system to read inputs or control outputs like LEDs  motors  and sensors.
Embedded,What is bootloader in embedded systems?,A bootloader is a small program that runs when an embedded system is powered on, responsible for initializing the system and loading the main application or operating system.,,,,,,,,,A bootloader is a small program that runs when an embedded system is powered on  responsible for initializing the system and loading the main application or operating system.
Embedded,What is a device driver in embedded systems?,A device driver is a software component that allows the embedded system to interact with and control hardware devices, such as sensors, displays, and communication interfaces.,,,,,,,A device driver is a software component that allows the embedded system to interact with and control hardware devices  such as sensors  displays  and communication interfaces.
Embedded,What are timers and counters used for in embedded systems?,Timers and counters are used for time measurement, event counting, and generating delays in embedded systems, crucial for time-sensitive operations.,,,,,,,Timers and counters are used for time measurement  event counting  and generating delays in embedded systems  crucial for time-sensitive operations.
Embedded,What is UART in embedded systems?,UART (Universal Asynchronous Receiver-Transmitter) is a hardware communication protocol used for serial communication between the embedded system and external devices, such as computers or peripherals.,,,,,,,,,UART (Universal Asynchronous Receiver-Transmitter) is a hardware communication protocol used for serial communication between the embedded system and external devices  such as computers or peripherals.
Embedded,What is SPI in embedded systems?,SPI (Serial Peripheral Interface) is a synchronous serial communication protocol used to transfer data between the microcontroller and peripherals, like sensors or memory chips.,,,,,,,,,SPI (Serial Peripheral Interface) is a synchronous serial communication protocol used to transfer data between the microcontroller and peripherals  like sensors or memory chips.
Embedded,What is I2C in embedded systems?,I2C (Inter-Integrated Circuit) is a serial communication protocol that allows multiple devices to communicate with a microcontroller using only two wires: one for data and one for clock.,,,,,,,,,,I2C (Inter-Integrated Circuit) is a serial communication protocol that allows multiple devices to communicate with a microcontroller using only two wires: one for data and one for clock.
Embedded,What is ADC and DAC in embedded systems?,ADC (Analog-to-Digital Converter) converts analog signals into digital format, while DAC (Digital-to-Analog Converter) converts digital signals into analog format, allowing for interaction with real-world analog systems.,,,,,,,,ADC (Analog-to-Digital Converter) converts analog signals into digital format  while DAC (Digital-to-Analog Converter) converts digital signals into analog format  allowing for interaction with real-world analog systems.
Embedded,What is watchdog timer in embedded systems?,A watchdog timer is a timer used to reset the system in case of a software failure or lock-up, ensuring that the embedded system can recover from errors automatically.,,,,,,,,,A watchdog timer is a timer used to reset the system in case of a software failure or lock-up  ensuring that the embedded system can recover from errors automatically.
Embedded,What is the role of communication protocols in embedded systems?,Communication protocols, such as UART, SPI, and I2C, enable embedded systems to exchange data with other systems or devices, facilitating coordination and control.,,,,,Communication protocols  such as UART  SPI  and I2C  enable embedded systems to exchange data with other systems or devices  facilitating coordination and control.
Embedded,What are the advantages of using an RTOS in embedded systems?,RTOS offers advantages like multitasking, better resource management, deterministic behavior, and handling time-critical tasks, which are crucial in embedded applications.,,,,,,RTOS offers advantages like multitasking  better resource management  deterministic behavior  and handling time-critical tasks  which are crucial in embedded applications.
Embedded,What is DMA in embedded systems?,DMA (Direct Memory Access) allows peripherals to access system memory directly without involving the CPU, improving performance by freeing up the processor to perform other tasks.,,,,,,,,,DMA (Direct Memory Access) allows peripherals to access system memory directly without involving the CPU  improving performance by freeing up the processor to perform other tasks.
Embedded,What is the difference between a 16-bit and 32-bit microcontroller?,A 32-bit microcontroller processes data in 32-bit chunks, offering higher processing power, more memory addressing capabilities, and better performance compared to a 16-bit microcontroller, which processes data in 16-bit chunks.,,,,,,A 32-bit microcontroller processes data in 32-bit chunks  offering higher processing power  more memory addressing capabilities  and better performance compared to a 16-bit microcontroller  which processes data in 16-bit chunks.
Embedded,What is EEPROM in embedded systems?,EEPROM (Electrically Erasable Programmable Read-Only Memory) is a type of non-volatile memory used in embedded systems to store small amounts of data that need to be preserved even when the system is powered off.,,,,,,,,,,EEPROM (Electrically Erasable Programmable Read-Only Memory) is a type of non-volatile memory used in embedded systems to store small amounts of data that need to be preserved even when the system is powered off.
Embedded,What is the role of power management in embedded systems?,Power management ensures that embedded systems consume minimal power while operating, crucial for battery-powered devices or energy-efficient applications.,,,,,,,,,Power management ensures that embedded systems consume minimal power while operating  crucial for battery-powered devices or energy-efficient applications.
Embedded,What are the factors to consider when selecting a microcontroller for an embedded system?,Factors include processing power, memory size, I/O capabilities, power consumption, communication interfaces, and the required peripherals for the specific application.,,,,,Factors include processing power  memory size  I/O capabilities  power consumption  communication interfaces  and the required peripherals for the specific application.
Embedded,What is a real-time clock in embedded systems?,A real-time clock (RTC) is a device that keeps track of the current time, even when the system is powered off, and is often used in embedded systems requiring accurate timekeeping.,,,,,,,,A real-time clock (RTC) is a device that keeps track of the current time  even when the system is powered off  and is often used in embedded systems requiring accurate timekeeping.
Embedded,What is a software development kit (SDK) in embedded systems?,An SDK is a set of tools, libraries, and documentation provided for developing software applications for a specific platform or microcontroller, aiding in embedded system development.,,,,,,,An SDK is a set of tools  libraries  and documentation provided for developing software applications for a specific platform or microcontroller  aiding in embedded system development.
Embedded,What is a bus in embedded systems?,A bus is a communication system that transfers data between different components of an embedded system, such as between the CPU, memory, and peripherals.,,,,,,,A bus is a communication system that transfers data between different components of an embedded system  such as between the CPU  memory  and peripherals.
Embedded,What is the significance of security in embedded systems?,Security in embedded systems is essential for protecting sensitive data, preventing unauthorized access, and ensuring that the system cannot be tampered with or compromised.,,,,,,,,Security in embedded systems is essential for protecting sensitive data  preventing unauthorized access  and ensuring that the system cannot be tampered with or compromised.
Embedded,What is a system on chip (SoC)?,A system on chip (SoC) integrates all components of an embedded system, including the processor, memory, and peripherals, onto a single chip, reducing size, cost, and power consumption.,,,A system on chip (SoC) integrates all components of an embedded system  including the processor  memory  and peripherals  onto a single chip  reducing size  cost  and power consumption.
Embedded,What is a multi-core microcontroller?,A multi-core microcontroller contains two or more processing units (cores) on the same chip, allowing for parallel processing and improved performance in embedded systems.,,,,,,,,,A multi-core microcontroller contains two or more processing units (cores) on the same chip  allowing for parallel processing and improved performance in embedded systems.
Embedded,What is an interrupt vector table?,An interrupt vector table is a data structure that stores addresses of interrupt service routines (ISRs) for different interrupt sources, allowing the system to handle interrupts efficiently.,,,,,,,,,An interrupt vector table is a data structure that stores addresses of interrupt service routines (ISRs) for different interrupt sources  allowing the system to handle interrupts efficiently.
Embedded,What is a pulse width modulation (PWM) in embedded systems?,PWM is a technique used to control the amount of power delivered to a load, such as a motor or LED, by varying the width of the pulses in a digital signal.,,,,,,,,PWM is a technique used to control the amount of power delivered to a load  such as a motor or LED  by varying the width of the pulses in a digital signal.
Embedded,What is a finite state machine (FSM) in embedded systems?,An FSM is a mathematical model used to design embedded systems where the system transitions between different states based on inputs, making it useful for control applications.,,,,,,,,,An FSM is a mathematical model used to design embedded systems where the system transitions between different states based on inputs  making it useful for control applications.
Embedded,What are the methods for debugging embedded systems?,Common methods for debugging embedded systems include using serial output, breakpoints, oscilloscopes, logic analyzers, and in-circuit debuggers to monitor and troubleshoot the system's behavior.,,,,,,Common methods for debugging embedded systems include using serial output  breakpoints  oscilloscopes  logic analyzers  and in-circuit debuggers to monitor and troubleshoot the system's behavior.
Embedded,What is boot time in embedded systems?,Boot time refers to the amount of time it takes for an embedded system to initialize and start executing the main application after power-up.,,,,,,,,,,Boot time refers to the amount of time it takes for an embedded system to initialize and start executing the main application after power-up.
Embedded,What is the difference between a bootloader and an operating system in embedded systems?,A bootloader is responsible for initializing the hardware and loading the main operating system or application, while the operating system manages resources and provides services for running applications.,,,,,,,,,A bootloader is responsible for initializing the hardware and loading the main operating system or application  while the operating system manages resources and provides services for running applications.
Embedded,What is a hardware abstraction layer (HAL) in embedded systems?,A hardware abstraction layer (HAL) is a software layer that provides an interface to hardware devices, making it easier to write software that is independent of the underlying hardware.,,,,,,,,,A hardware abstraction layer (HAL) is a software layer that provides an interface to hardware devices  making it easier to write software that is independent of the underlying hardware.
Embedded,What is a power-on reset (POR) in embedded systems?,A power-on reset (POR) is a circuit that resets the microcontroller or system when power is first applied, ensuring that the system starts in a known state.,,,,,,,,,A power-on reset (POR) is a circuit that resets the microcontroller or system when power is first applied  ensuring that the system starts in a known state.
Embedded,What is a VHDL in embedded systems?,VHDL (VHSIC Hardware Description Language) is a hardware description language used to model and simulate the behavior of digital circuits in embedded systems.,,,,,,,,,,VHDL (VHSIC Hardware Description Language) is a hardware description language used to model and simulate the behavior of digital circuits in embedded systems.
Embedded,What is a buffer in embedded systems?,A buffer is a temporary storage location used to hold data while it is being transferred between two components or devices in an embedded system.,,,,,,,,,,A buffer is a temporary storage location used to hold data while it is being transferred between two components or devices in an embedded system.
Embedded,What is signal conditioning in embedded systems?,Signal conditioning involves processing signals (such as amplification, filtering, and conversion) to make them suitable for input to the embedded system or processing circuits.,,,,,,,,Signal conditioning involves processing signals (such as amplification  filtering  and conversion) to make them suitable for input to the embedded system or processing circuits.
Embedded,What is a microprocessor?,A microprocessor is a general-purpose CPU used in embedded systems to execute instructions and process data, often paired with other components like memory and peripherals.,,,,,,,,,A microprocessor is a general-purpose CPU used in embedded systems to execute instructions and process data  often paired with other components like memory and peripherals.
Embedded,What is low-level programming in embedded systems?,Low-level programming involves writing code that interacts directly with hardware, typically in assembly language or C, to optimize performance and resource usage in embedded systems.,,,,,,,,Low-level programming involves writing code that interacts directly with hardware  typically in assembly language or C  to optimize performance and resource usage in embedded systems.
,,,,,,,,,,,,
,,,,,,,,,,,,
,,,,,,,,,,,,
,,,,,,,,,,,,
,,,,,,,,,,,,
,,,,,,,,,,,,
,,,,,,,,,,,,
,,,,,,,,,,,,
,,,,,,,,,,,,
,,,,,,,,,,,,
,,,,,,,,,,,,
,,,,,,,,,,,,
,,,,,,,,,,,,
,,,,,,,,,,,,
,,,,,,,,,,,,
,,,,,,,,,,,,
,,,,,,,,,,,,
,,,,,,,,,,,,
,,,,,,,,,,,,
,,,,,,,,,,,,
,,,,,,,,,,,,
,,,,,,,,,,,,
,,,,,,,,,,,,
,,,,,,,,,,,,
,,,,,,,,,,,,
,,,,,,,,,,,,
,,,,,,,,,,,,
,,,,,,,,,,,,
,,,,,,,,,,,,
,,,,,,,,,,,,
,,,,,,,,,,,,
,,,,,,,,,,,,
,,,,,,,,,,,,
,,,,,,,,,,,,
,,,,,,,,,,,,
,,,,,,,,,,,,
,,,,,,,,,,,,
,,,,,,,,,,,,
,,,,,,,,,,,,
,,,,,,,,,,,,
,,,,,,,,,,,,
,,,,,,,,,,,,
,,,,,,,,,,,,
,,,,,,,,,,,,
,,,,,,,,,,,,
,,,,,,,,,,,,
,,,,,,,,,,,,
,,,,,,,,,,,,
,,,,,,,,,,,,
,,,,,,,,,,,,
,,,,,,,,,,,,
,,,,,,,,,,,,
,,,,,,,,,,,,
,,,,,,,,,,,,
,,,,,,,,,,,,
,,,,,,,,,,,,
,,,,,,,,,,,,
,,,,,,,,,,,,
,,,,,,,,,,,,
,,,,,,,,,,,,
,,,,,,,,,,,,
,,,,,,,,,,,,
,,,,,,,,,,,,
,,,,,,,,,,,,
,,,,,,,,,,,,
,,,,,,,,,,,,
,,,,,,,,,,,,
,,,,,,,,,,,,
,,,,,,,,,,,,
,,,,,,,,,,,,
,,,,,,,,,,,,
,,,,,,,,,,,,
,,,,,,,,,,,,
,,,,,,,,,,,,
,,,,,,,,,,,,
,,,,,,,,,,,,
,,,,,,,,,,,,
,,,,,,,,,,,,
,,,,,,,,,,,,
,,,,,,,,,,,,
,,,,,,,,,,,,
,,,,,,,,,,,,
,,,,,,,,,,,,
,,,,,,,,,,,,
,,,,,,,,,,,,
,,,,,,,,,,,,
,,,,,,,,,,,,
,,,,,,,,,,,,
,,,,,,,,,,,,
,,,,,,,,,,,,
,,,,,,,,,,,,
,,,,,,,,,,,,
